race_id,umaban_1,umaban_2,p_top3_1,p_top3_2,p_hit,odds,ev,bet_type,hit_prob,pair_balance_score,priority_score,stake,place_ui,race_ui,race_no,wide_ui,bet_score,selection_ui,max_ev,race_score,difficulty_score,comment,race_label_ui
202605090412,8,11,0.1065585088851875,0.3466284717123593,0.0323851158051449,3.0,-0.902844652584565,wide,0.0323851158051449,0.2050870775946036,0.0373664423736749,6322,新潟（土）,12R,12,8-11,0.9657084433440226,8-11,-0.902844652584565,0.8285422167201133,0.5542808851613352,"勝負度が非常に高いレースです。 やや荒れやすい傾向があります。 本命は 8-11。 EV=-0.90, p_hit=0.032 とバランスが良好です。 次点候補は 12-11。 EV=-0.94。 適度なリスクで、標準的な賭け方が適しています。",新潟12R
202605090412,12,11,0.0690666792102436,0.3466284717123593,0.0188341491417695,3.0,-0.9434975525746916,wide,0.0188341491417695,0.2305618311189282,0.0220909760770395,3677,新潟（土）,12R,12,12-11,0.6728060888965616,12-11,-0.902844652584565,0.8285422167201133,0.5542808851613352,"勝負度が非常に高いレースです。 やや荒れやすい傾向があります。 本命は 8-11。 EV=-0.90, p_hit=0.032 とバランスが良好です。 次点候補は 12-11。 EV=-0.94。 適度なリスクで、標準的な賭け方が適しています。",新潟12R
