race_id,umaban_1,umaban_2,p_top3_1,p_top3_2,p_hit,odds,ev,bet_type,hit_prob,pair_balance_score,priority_score,stake,place_ui,race_ui,race_no,wide_ui,return_amount,hit_flag,hit_status,bet_score,selection_ui,max_ev,race_score,difficulty_score,comment,race_label_ui
202605100804,11,16,0.5570849046613257,0.1597896516176655,0.0972450594542492,5.0,-0.5137747027287536,wide,0.0972450594542492,0.3802577306333349,0.1249786986717816,5615,京都（日）,4R,4,11-16,0.0,0,はずれ,0.0,11-16,-0.9895238854600836,0.45665038848877965,0.5998220853716885,"やや勝負度があるレースです。 やや荒れやすい傾向があります。 本命は 4-16。 EV=-0.99, p_hit=0.003 とバランスが良好です。 次点候補は 16-9。 EV=-1.00。 適度なリスクで、標準的な賭け方が適しています。",京都4R
202605100804,11,4,0.5570849046613257,0.0389126260316728,0.0166358466823541,5.0,-0.9168207665882292,wide,0.0166358466823541,0.4640015850620408,0.0224251411044502,960,京都（日）,4R,4,11-4,0.0,0,はずれ,0.0,11-4,-0.9895238854600836,0.45665038848877965,0.5998220853716885,"やや勝負度があるレースです。 やや荒れやすい傾向があります。 本命は 4-16。 EV=-0.99, p_hit=0.003 とバランスが良好です。 次点候補は 16-9。 EV=-1.00。 適度なリスクで、標準的な賭け方が適しています。",京都4R
202605100506,11,6,0.4980377519191128,0.0830001100167234,0.0372783053051833,5.0,-0.813608473474083,wide,0.0372783053051833,0.3738365969292336,0.0477303014011174,2152,東京（日）,6R,6,11-6,0.0,0,はずれ,0.0,11-6,-0.9929708602274152,0.4505179000347195,0.29790596321933493,"やや勝負度があるレースです。 堅い決着が見込まれるレースです。 本命は 8-6。 EV=-0.99, p_hit=0.002 とバランスが良好です。 次点候補は 10-6。 EV=-0.99。 比較的リスクが低く、厚めに張る選択肢もあります。",東京6R
202605100506,8,11,0.0544404962128428,0.4980377519191128,0.0220044450209872,5.0,-0.8899777748950637,wide,0.0220044450209872,0.3920898799568368,0.028475235176084,1270,東京（日）,6R,6,8-11,0.0,0,はずれ,0.0,8-11,-0.9929708602274152,0.4505179000347195,0.29790596321933493,"やや勝負度があるレースです。 堅い決着が見込まれるレースです。 本命は 8-6。 EV=-0.99, p_hit=0.002 とバランスが良好です。 次点候補は 10-6。 EV=-0.99。 比較的リスクが低く、厚めに張る選択肢もあります。",東京6R
