race_id,umaban_1,umaban_2,p_top3_1,p_top3_2,p_hit,odds,ev,bet_type,hit_prob,pair_balance_score,priority_score,stake,place_ui,race_ui,race_no,wide_ui,bet_score,selection_ui,max_ev,race_score,difficulty_score,comment,race_label_ui
202605100804,11,16,0.5570849046613257,0.1597896516176655,0.0972450594542492,5.0,-0.5137747027287536,wide,0.0972450594542492,0.3802577306333349,0.1249786986717816,8539,京都（日）,4R,4,11-16,0.9599575760226429,11-16,-0.5137747027287536,0.8687533973545932,0.7756182907530531,"勝負度が非常に高いレースです。 荒れやすい傾向が強く、波乱含みです。 本命は 11-16。 EV=-0.51, p_hit=0.097 とバランスが良好です。 次点候補は 11-4。 EV=-0.92。 リスクが高いため、賭け金は控えめが推奨されます。",京都4R
202605100804,11,4,0.5570849046613257,0.0389126260316728,0.0166358466823541,5.0,-0.9168207665882292,wide,0.0166358466823541,0.4640015850620408,0.0224251411044502,1460,京都（日）,4R,4,11-4,0.37970754319725797,11-4,-0.5137747027287536,0.8687533973545932,0.7756182907530531,"勝負度が非常に高いレースです。 荒れやすい傾向が強く、波乱含みです。 本命は 11-16。 EV=-0.51, p_hit=0.097 とバランスが良好です。 次点候補は 11-4。 EV=-0.92。 リスクが高いため、賭け金は控えめが推奨されます。",京都4R
