race_id,place_ui,race_no,max_ev,race_label_ui
202605170801,京都,1,-0.9960396380656372,京都1R
202605170802,京都,2,-0.996371937849822,京都2R
202605170803,京都,3,-0.9986412440962192,京都3R
202605170804,京都,4,-0.9988410336648372,京都4R
202605170805,京都,5,-0.9945121714907732,京都5R
202605170806,京都,6,-0.9998385651718228,京都6R
202605170807,京都,7,-0.9950297799521785,京都7R
202605170808,京都,8,-0.9959917649861564,京都8R
202605170809,京都,9,-0.9925873924056988,京都9R
202605170810,京都,10,-0.999734994230542,京都10R
202605170811,京都,11,-0.9996871462388842,京都11R
202605170812,京都,12,-0.9994081962180306,京都12R
202605170401,新潟,1,-0.9932342799594894,新潟1R
202605170402,新潟,2,-0.9200740764788792,新潟2R
202605170403,新潟,3,-0.9815723029274426,新潟3R
202605170404,新潟,4,-0.997635789109467,新潟4R
202605170405,新潟,5,-0.9963052929895696,新潟5R
202605170406,新潟,6,-0.9974660536573532,新潟6R
202605170407,新潟,7,-0.9920144627361764,新潟7R
202605170408,新潟,8,-0.9855605137781496,新潟8R
202605170409,新潟,9,-0.9989868991711288,新潟9R
202605170410,新潟,10,-0.9986515718927248,新潟10R
202605170411,新潟,11,-0.9990140302560184,新潟11R
202605170412,新潟,12,-0.99758646780774,新潟12R
202605170501,東京,1,-0.999780170019334,東京1R
202605170502,東京,2,-0.9931881757503594,東京2R
202605170503,東京,3,-0.990053406357217,東京3R
202605170504,東京,4,-0.9836890675480584,東京4R
202605170505,東京,5,-0.9557445049211348,東京5R
202605170506,東京,6,-0.9904382220489172,東京6R
202605170507,東京,7,-0.995660756776098,東京7R
202605170508,東京,8,-0.9991237901059836,東京8R
202605170509,東京,9,-0.9935069778636896,東京9R
202605170510,東京,10,-0.9979094563506056,東京10R
202605170511,東京,11,-0.9957455064878292,東京11R
202605170512,東京,12,-0.999703585744296,東京12R
